Time;PDCP DL bitrate;1. best RSRP;NR-ARFCN;PCI;BI;BT;Band;Band (MHz);NR PCI Beam index;_oid;Height;RSRP
39:37,8;2085,672;-76,80000305;2258011;621;22;Serving beam;n260;37000;621_22;621022;0;-76,80000305
39:38,3;2080,656;-76,80000305;2258011;621;22;Serving beam;n260;37000;621_22;621022;0;-76,80000305
39:38,8;2088,384;-76,80000305;2258011;621;22;Serving beam;n260;37000;621_22;621022;72;-76,80000305
39:39,3;2082,528;-76,69999695;2258011;621;22;Serving beam;n260;37000;621_22;621022;72;-76,69999695
39:39,8;2085,672;-76,69999695;2258011;621;22;Serving beam;n260;37000;621_22;621022;72;-76,69999695
39:40,3;2080,657;-76,90000153;2258011;621;22;Serving beam;n260;37000;621_22;621022;72;-76,90000153
39:40,8;2088,362;-77,09999847;2258011;621;22;Serving beam;n260;37000;621_22;621022;72;-77,09999847
39:41,3;2082,552;-77,09999847;2258011;621;22;Serving beam;n260;37000;621_22;621022;72;-77,09999847
39:41,8;2085,672;-77,09999847;2258011;621;22;Serving beam;n260;37000;621_22;621022;72;-77,09999847
39:42,3;2080,656;-77,09999847;2258011;621;22;Serving beam;n260;37000;621_22;621022;72;-77,09999847
39:42,8;2088,168;-77,09999847;2258011;621;22;Serving beam;n260;37000;621_22;621022;72;-77,09999847
39:43,3;2053,632;-77,30000305;2258011;621;22;Serving beam;n260;37000;621_22;621022;72;-77,30000305
39:43,8;1890,552;-77,09999847;2258011;621;22;Serving beam;n260;37000;621_22;621022;72;-77,09999847
39:44,3;1940,616;-76,09999847;2258011;621;22;Serving beam;n260;37000;621_22;621022;72;-76,09999847
39:44,8;1899,246;-77,59999847;2258011;621;22;Serving beam;n260;37000;621_22;621022;72;-77,59999847
39:45,3;1655,472;-77,80000305;2258011;621;22;Serving beam;n260;37000;621_22;621022;72;-77,80000305
39:45,8;1653,744;-78;2258011;621;22;Serving beam;n260;37000;621_22;621022;72;-78
39:46,3;1986,096;-78,80000305;2258011;621;22;Serving beam;n260;37000;621_22;621022;72;-78,80000305
39:46,8;2088,384;-79,80000305;2258011;621;22;Serving beam;n260;37000;621_22;621022;72;-79,80000305
39:47,3;2082,528;-80,30000305;2258011;621;22;Serving beam;n260;37000;621_22;621022;72;-80,30000305
39:47,8;2085,672;-80,90000153;2258011;621;22;Serving beam;n260;37000;621_22;621022;72;-80,90000153
39:48,3;2080,92;-82,09999847;2258011;621;22;Serving beam;n260;37000;621_22;621022;72;-82,09999847
39:48,8;2086,104;-83,69999695;2258011;621;31;Serving beam;n260;37000;621_31;621031;73;-83,69999695
39:49,3;2081,976;-82,40000153;2258011;621;31;Serving beam;n260;37000;621_31;621031;73;-82,40000153
39:49,8;2008,682;-81,69999695;2258011;621;31;Serving beam;n260;37000;621_31;621031;73;-81,69999695
39:50,3;2040,24;-82,90000153;2258011;621;31;Serving beam;n260;37000;621_31;621031;73;-82,90000153
39:50,8;1717,71;-83,19999695;2258011;621;31;Serving beam;n260;37000;621_31;621031;73;-83,19999695
39:51,3;1870,224;-81,40000153;2258011;621;31;Serving beam;n260;37000;621_31;621031;73;-81,40000153
39:51,8;2076,578;-82,19999695;2258011;621;30;Serving beam;n260;37000;621_30;621030;73;-82,19999695
39:52,3;2072,616;-81,59999847;2258011;621;30;Serving beam;n260;37000;621_30;621030;73;-81,59999847
39:52,8;1924,152;-79,80000305;2258011;621;30;Detected beam;n260;37000;621_30;621030;73;-79,80000305
39:53,3;2023,416;-79,19999695;2258011;621;30;Serving beam;n260;37000;621_30;621030;73;-79,19999695
39:53,8;1913,64;-79,30000305;2258011;621;30;Serving beam;n260;37000;621_30;621030;73;-79,30000305
39:54,3;1976,161;-78;2258011;621;30;Serving beam;n260;37000;621_30;621030;73;-78
39:54,8;2078,232;-77,90000153;2258011;621;30;Serving beam;n260;37000;621_30;621030;73;-77,90000153
39:55,3;2017,272;-77,90000153;2258011;621;30;Serving beam;n260;37000;621_30;621030;73;-77,90000153
39:55,8;2085,672;-77,30000305;2258011;621;30;Serving beam;n260;37000;621_30;621030;73;-77,30000305
39:56,3;2080,656;-78,80000305;2258011;621;30;Serving beam;n260;37000;621_30;621030;73;-78,80000305
39:56,8;2088,36;-79,90000153;2258011;621;30;Serving beam;n260;37000;621_30;621030;73;-79,90000153
39:57,3;2079,264;-80,5;2258011;621;29;Detected beam;n260;37000;621_29;621029;73;-80,5
39:57,8;1875,744;-80,90000153;2258011;621;29;Serving beam;n260;37000;621_29;621029;73;-80,90000153
39:58,3;1229,64;-81,90000153;2258011;621;29;Serving beam;n260;37000;621_29;621029;73;-81,90000153
39:58,8;858,264;-83,30000305;2263195;624;29;Detected beam;n260;37000;624_29;624029;73;-83,30000305
39:59,3;1908,273;-83,19999695;2263195;624;29;Detected beam;n260;37000;624_29;624029;73;-83,19999695
39:59,8;1773,84;-83,59999847;2263195;624;29;Detected beam;n260;37000;624_29;624029;73;-83,59999847
40:00,3;1326,624;-86,5;2258011;621;20;Serving beam;n260;37000;621_20;621020;73;-86,5
40:00,8;1100,904;-87,5;2263195;624;20;Detected beam;n260;37000;624_20;624020;73;-87,5
40:01,3;1044,648;-87,30000305;2263195;624;20;Detected beam;n260;37000;624_20;624020;73;-87,30000305
40:01,8;995,616;-87,19999695;2263195;624;20;Detected beam;n260;37000;624_20;624020;73;-87,19999695
40:02,3;1819,296;-87,19999695;2263195;624;20;Detected beam;n260;37000;624_20;624020;73;-87,19999695
40:02,8;1980,84;-87,19999695;2263195;624;20;Detected beam;n260;37000;624_20;624020;73;-87,19999695
40:03,3;1241,016;-86,90000153;2258011;621;20;Serving beam;n260;37000;621_20;621020;73;-86,90000153
40:03,8;1411,848;-89,19999695;2263195;624;20;Detected beam;n260;37000;624_20;624020;73;-89,19999695
40:04,3;1319,136;-89,5;2263195;624;20;Detected beam;n260;37000;624_20;624020;73;-89,5
40:04,8;1378,896;-89,59999847;2263195;624;20;Detected beam;n260;37000;624_20;624020;73;-89,59999847
40:05,3;936,288;-89,69999695;2263195;624;20;Detected beam;n260;37000;624_20;624020;73;-89,69999695
40:05,8;1046,496;-91;2263195;624;20;Detected beam;n260;37000;624_20;624020;73;-91
40:06,3;1012,296;-94,5;2263195;624;20;Detected beam;n260;37000;624_20;624020;73;-94,5
40:06,8;1138,272;-91,30000305;2258011;621;7;Serving beam;n260;37000;621_7;621007;73;-91,30000305
40:07,3;868,68;-92,80000305;2258011;621;7;Serving beam;n260;37000;621_7;621007;73;-92,80000305
40:07,8;750,648;-92,69999695;2258011;621;7;Serving beam;n260;37000;621_7;621007;73;-92,69999695
40:08,3;1034,64;-91,5;2258011;621;7;Serving beam;n260;37000;621_7;621007;73;-91,5
40:08,8;1080,336;-90,90000153;2258011;621;7;Serving beam;n260;37000;621_7;621007;73;-90,90000153
40:09,3;1017,288;-89,80000305;2258011;621;7;Serving beam;n260;37000;621_7;621007;73;-89,80000305
40:09,8;1202,664;-91,30000305;2258011;621;7;Serving beam;n260;37000;621_7;621007;73;-91,30000305
40:10,3;1705,176;-89,80000305;2258011;621;7;Serving beam;n260;37000;621_7;621007;73;-89,80000305
40:10,8;1080,072;-86,30000305;2258011;621;7;Serving beam;n260;37000;621_7;621007;73;-86,30000305
40:11,3;780,408;-87,59999847;2258011;621;7;Serving beam;n260;37000;621_7;621007;73;-87,59999847
40:11,8;510,744;-89,69999695;2263195;624;7;Detected beam;n260;37000;624_7;624007;73;-89,69999695
40:12,3;724,128;-89,59999847;2263195;624;7;Detected beam;n260;37000;624_7;624007;73;-89,59999847
40:12,8;815,16;-89,59999847;2263195;624;7;Detected beam;n260;37000;624_7;624007;73;-89,59999847
40:13,3;969,6;-89,5;2263195;624;7;Detected beam;n260;37000;624_7;624007;73;-89,5
40:13,8;649,728;-91;2263195;624;7;Detected beam;n260;37000;624_7;624007;73;-91
40:14,3;508,584;-94,40000153;2258011;621;15;Serving beam;n260;37000;621_15;621015;73;-94,40000153
40:14,8;765,264;-96,09999847;2259739;622;15;Detected beam;n260;37000;622_15;622015;73;-96,09999847
40:15,3;1165,704;-96,09999847;2259739;622;15;Detected beam;n260;37000;622_15;622015;73;-96,09999847
40:15,8;788,952;-96;2259739;622;15;Detected beam;n260;37000;622_15;622015;73;-96
40:16,3;663,84;-93,69999695;2258011;621;5;Serving beam;n260;37000;621_5;621005;73;-93,69999695
40:16,8;753,096;-95,30000305;2258011;621;15;Detected beam;n260;37000;621_15;621015;73;-95,30000305
40:17,3;678,411;-95,69999695;2258011;621;7;Serving beam;n260;37000;621_7;621007;73;-95,69999695
40:17,8;590,976;-96,90000153;2258011;621;15;Serving beam;n260;37000;621_15;621015;73;-96,90000153
40:18,3;843,504;-96,5;2258011;621;15;Detected beam;n260;37000;621_15;621015;73;-96,5
40:18,8;1127,256;-94,40000153;2258011;621;5;Serving beam;n260;37000;621_5;621005;73;-94,40000153
40:19,3;1194;-89,09999847;2258011;621;5;Serving beam;n260;37000;621_5;621005;73;-89,09999847
40:19,8;1624,608;-87,09999847;2258011;621;5;Serving beam;n260;37000;621_5;621005;73;-87,09999847
40:20,3;1756,296;-86,09999847;2258011;621;5;Serving beam;n260;37000;621_5;621005;73;-86,09999847
40:20,8;1429,896;-84,90000153;2258011;621;5;Serving beam;n260;37000;621_5;621005;73;-84,90000153
40:21,3;1835,64;-84,19999695;2258011;621;5;Serving beam;n260;37000;621_5;621005;73;-84,19999695
40:21,8;1792,8;-84,09999847;2258011;621;5;Serving beam;n260;37000;621_5;621005;74;-84,09999847
40:22,3;757,896;-83;2258011;621;5;Serving beam;n260;37000;621_5;621005;74;-83
40:22,8;707,208;-83,80000305;2258011;621;5;Serving beam;n260;37000;621_5;621005;74;-83,80000305
40:23,3;603,984;-88,30000305;2263195;624;5;Detected beam;n260;37000;624_5;624005;74;-88,30000305
40:23,8;681,864;-88,30000305;2263195;624;5;Detected beam;n260;37000;624_5;624005;74;-88,30000305
40:24,3;694,08;-88,30000305;2263195;624;5;Detected beam;n260;37000;624_5;624005;74;-88,30000305
40:24,8;441,744;-88,80000305;2263195;624;5;Detected beam;n260;37000;624_5;624005;74;-88,80000305
40:25,3;423,576;-91,5;2263195;624;5;Detected beam;n260;37000;624_5;624005;74;-91,5
40:25,8;607,032;-97,90000153;2259739;622;5;Detected beam;n260;37000;622_5;622005;74;-97,90000153
40:26,3;718,536;-101,0999985;2259739;622;5;Detected beam;n260;37000;622_5;622005;74;-101,0999985
40:26,8;787,056;-99,69999695;2258011;621;15;Serving beam;n260;37000;621_15;621015;74;-99,69999695
40:27,3;539,568;-98,90000153;2258011;621;15;Serving beam;n260;37000;621_15;621015;74;-98,90000153
40:27,8;486,192;-99;2258011;621;15;Serving beam;n260;37000;621_15;621015;74;-99
40:28,3;668,064;-99,80000305;2258011;621;5;Serving beam;n260;37000;621_5;621005;74;-99,80000305
40:28,8;598,392;-98,90000153;2258011;621;5;Serving beam;n260;37000;621_5;621005;74;-98,90000153
40:29,3;827,256;-99,30000305;2258011;621;5;Serving beam;n260;37000;621_5;621005;74;-99,30000305
40:29,8;865,632;-98,59999847;2258011;621;5;Detected beam;n260;37000;621_5;621005;74;-98,59999847
40:30,3;973,632;-97,09999847;2258011;621;14;Serving beam;n260;37000;621_14;621014;74;-97,09999847
40:30,8;1058,256;-95,69999695;2258011;621;14;Serving beam;n260;37000;621_14;621014;74;-95,69999695
40:31,3;780,12;-95,80000305;2258011;621;14;Detected beam;n260;37000;621_14;621014;74;-95,80000305
40:31,8;856,392;-96,5;2258011;621;5;Serving beam;n260;37000;621_5;621005;74;-96,5
40:32,3;961,104;-95,90000153;2258011;621;5;Serving beam;n260;37000;621_5;621005;74;-95,90000153
40:32,8;1115,064;-95,59999847;2258011;621;5;Serving beam;n260;37000;621_5;621005;74;-95,59999847
40:33,3;1464,408;-94,30000305;2258011;621;5;Serving beam;n260;37000;621_5;621005;74;-94,30000305
40:33,8;1310,616;-93;2258011;621;5;Detected beam;n260;37000;621_5;621005;74;-93
40:34,3;835,176;-90,69999695;2258011;621;14;Serving beam;n260;37000;621_14;621014;74;-90,69999695
40:34,8;1064,256;-92;2258011;621;5;Serving beam;n260;37000;621_5;621005;74;-92
40:35,3;1417,152;-92,90000153;2258011;621;5;Detected beam;n260;37000;621_5;621005;74;-92,90000153
40:35,8;1614,168;-92,19999695;2258011;621;4;Serving beam;n260;37000;621_4;621004;74;-92,19999695
40:36,3;1302,432;-91,90000153;2258011;621;4;Serving beam;n260;37000;621_4;621004;74;-91,90000153
40:36,8;881,304;-92,90000153;2258011;621;4;Serving beam;n260;37000;621_4;621004;74;-92,90000153
40:37,3;729,36;-94,69999695;2258011;621;4;Serving beam;n260;37000;621_4;621004;74;-94,69999695
40:37,8;521,064;-95,59999847;2263195;624;4;Detected beam;n260;37000;624_4;624004;75;-95,59999847
40:38,3;509,232;-95,59999847;2263195;624;4;Detected beam;n260;37000;624_4;624004;75;-95,59999847
40:38,8;664,44;-95,59999847;2263195;624;4;Detected beam;n260;37000;624_4;624004;75;-95,59999847
40:39,3;415,344;-95,59999847;2263195;624;4;Detected beam;n260;37000;624_4;624004;75;-95,59999847
40:39,8;366,144;-100,3000031;2258011;621;4;Serving beam;n260;37000;621_4;621004;75;-100,3000031
40:40,3;416,832;-102,5;2258011;621;4;Serving beam;n260;37000;621_4;621004;75;-102,5
40:40,8;365,616;-103,1999969;2258011;621;4;Serving beam;n260;37000;621_4;621004;75;-103,1999969
40:41,3;471,624;-102,6999969;2258011;621;4;Serving beam;n260;37000;621_4;621004;75;-102,6999969
40:41,8;419,352;-102,1999969;2258011;621;4;Serving beam;n260;37000;621_4;621004;75;-102,1999969
40:42,3;539,208;-103;2258011;621;4;Serving beam;n260;37000;621_4;621004;75;-103
40:42,8;492,648;-102,5;2258011;621;4;Serving beam;n260;37000;621_4;621004;75;-102,5
40:43,3;358,872;-102,6999969;2258011;621;4;Serving beam;n260;37000;621_4;621004;75;-102,6999969
40:43,8;714,696;-103,9000015;2258011;621;4;Serving beam;n260;37000;621_4;621004;75;-103,9000015
40:44,3;502,728;-103,6999969;2258011;621;4;Serving beam;n260;37000;621_4;621004;75;-103,6999969
40:44,8;389,376;-103,6999969;2258011;621;4;Serving beam;n260;37000;621_4;621004;75;-103,6999969
40:45,3;595,08;-102,1999969;2258011;621;4;Serving beam;n260;37000;621_4;621004;75;-102,1999969
40:45,8;398,16;-101,6999969;2258011;621;4;Serving beam;n260;37000;621_4;621004;75;-101,6999969
40:46,3;622,464;-101,0999985;2258011;621;4;Serving beam;n260;37000;621_4;621004;74;-101,0999985
40:46,8;501,456;-98,90000153;2258011;621;4;Serving beam;n260;37000;621_4;621004;74;-98,90000153
40:47,3;615,288;-100,3000031;2258011;621;4;Serving beam;n260;37000;621_4;621004;74;-100,3000031
40:47,8;551,52;-100;2258011;621;4;Serving beam;n260;37000;621_4;621004;74;-100
40:48,3;358,776;-100,3000031;2258011;621;4;Serving beam;n260;37000;621_4;621004;74;-100,3000031
40:48,8;507,024;-101,3000031;2258011;621;4;Serving beam;n260;37000;621_4;621004;74;-101,3000031
40:49,3;361,992;-101,4000015;2261467;623;4;Detected beam;n260;37000;623_4;623004;74;-101,4000015
40:49,8;611,64;-101,0999985;2258011;621;4;Serving beam;n260;37000;621_4;621004;74;-101,0999985
40:50,3;572,592;-100,5;2258011;621;4;Serving beam;n260;37000;621_4;621004;74;-100,5
40:50,8;437,664;-101,5;2258011;621;4;Detected beam;n260;37000;621_4;621004;74;-101,5
40:51,3;254,64;-103,4000015;2258011;621;5;Serving beam;n260;37000;621_5;621005;74;-103,4000015
40:51,8;235,152;-105,3000031;2258011;621;4;Serving beam;n260;37000;621_4;621004;74;-105,3000031
40:52,3;382,968;-106,3000031;2258011;621;4;Serving beam;n260;37000;621_4;621004;74;-106,3000031
40:52,8;317,712;-104,6999969;2258011;621;4;Serving beam;n260;37000;621_4;621004;74;-104,6999969
40:53,3;211,56;-103,8000031;2258011;621;4;Serving beam;n260;37000;621_4;621004;74;-103,8000031
40:53,8;187,944;-106,5;2258011;621;4;Serving beam;n260;37000;621_4;621004;74;-106,5
40:54,3;168,336;-109,3000031;2258011;621;4;Serving beam;n260;37000;621_4;621004;73;-109,3000031
40:54,8;195,984;-106,5;2258011;621;5;Serving beam;n260;37000;621_5;621005;73;-106,5
40:55,3;239,568;-105,9000015;2258011;621;5;Serving beam;n260;37000;621_5;621005;73;-105,9000015
40:55,8;203,376;-105,6999969;2258011;621;5;Serving beam;n260;37000;621_5;621005;73;-105,6999969
40:56,3;245,76;-105,6999969;2258011;621;5;Serving beam;n260;37000;621_5;621005;73;-105,6999969
40:56,8;372,264;-105,6999969;2258011;621;5;Serving beam;n260;37000;621_5;621005;73;-105,6999969
40:57,3;925,104;-103,6999969;2258011;621;5;Serving beam;n260;37000;621_5;621005;73;-103,6999969
40:57,8;1271,856;-97,19999695;2258011;621;5;Serving beam;n260;37000;621_5;621005;73;-97,19999695
40:58,3;1896,768;-91,69999695;2258011;621;5;Serving beam;n260;37000;621_5;621005;73;-91,69999695
40:58,8;1590,266;-89;2258011;621;5;Serving beam;n260;37000;621_5;621005;73;-89
40:59,3;1208,064;-87,90000153;2258011;621;5;Serving beam;n260;37000;621_5;621005;73;-87,90000153
40:59,8;1398,816;-88,40000153;2258011;621;5;Serving beam;n260;37000;621_5;621005;73;-88,40000153
41:00,3;1418,064;-88,40000153;2258011;621;5;Serving beam;n260;37000;621_5;621005;73;-88,40000153
41:00,8;1184,184;-89,19999695;2258011;621;5;Serving beam;n260;37000;621_5;621005;73;-89,19999695
41:01,3;813,816;-90,30000305;2258011;621;5;Serving beam;n260;37000;621_5;621005;73;-90,30000305
41:01,8;299,64;-92,80000305;2263195;624;5;Detected beam;n260;37000;624_5;624005;73;-92,80000305
41:02,3;252,264;-93,69999695;2263195;624;5;Detected beam;n260;37000;624_5;624005;73;-93,69999695
41:02,8;250,92;-94,19999695;2263195;624;5;Detected beam;n260;37000;624_5;624005;73;-94,19999695
41:03,3;119,352;-95;2263195;624;5;Detected beam;n260;37000;624_5;624005;73;-95
41:03,8;61,32;-96,30000305;2263195;624;5;Detected beam;n260;37000;624_5;624005;73;-96,30000305
41:04,3;20,616;-103,3000031;2259739;622;5;Detected beam;n260;37000;622_5;622005;73;-103,3000031
41:04,8;22,824;-108,6999969;2259739;622;5;Detected beam;n260;37000;622_5;622005;73;-108,6999969
41:05,3;125,016;-110,5999985;2258011;621;5;Serving beam;n260;37000;621_5;621005;73;-110,5999985
41:05,8;97,488;-110,1999969;2258011;621;5;Serving beam;n260;37000;621_5;621005;73;-110,1999969
41:06,3;136,824;-109,8000031;2258011;621;5;Serving beam;n260;37000;621_5;621005;73;-109,8000031
41:06,8;187,896;-108,5;2258011;621;5;Serving beam;n260;37000;621_5;621005;73;-108,5
41:07,3;173,76;-108,4000015;2258011;621;5;Serving beam;n260;37000;621_5;621005;73;-108,4000015
41:07,8;82,416;-109,1999969;2258011;621;5;Serving beam;n260;37000;621_5;621005;73;-109,1999969
41:08,3;102,624;-110,5999985;2258011;621;5;Detected beam;n260;37000;621_5;621005;73;-110,5999985
41:08,8;122,592;-111,1999969;2258011;621;6;Serving beam;n260;37000;621_6;621006;73;-111,1999969
41:09,3;84,648;-111,0999985;2258011;621;6;Serving beam;n260;37000;621_6;621006;73;-111,0999985
41:09,8;26,832;-112,4000015;2258011;621;6;Detected beam;n260;37000;621_6;621006;73;-112,4000015
41:10,0;;-112,4000015;2258011;621;6;Detected beam;n260;37000;621_6;621006;73;-112,4000015
41:10,8;0;-112,8000031;2258011;621;6;Serving beam;n260;37000;621_6;621006;73;-112,8000031
41:11,8;0;-113,3000031;2258011;621;6;Serving beam;n260;37000;621_6;621006;73;-113,3000031
41:12,8;5,724;-107,8000031;2258011;621;6;Serving beam;n260;37000;621_6;621006;73;-107,8000031
41:13,3;326,4;-108,1999969;2258011;621;6;Serving beam;n260;37000;621_6;621006;72;-108,1999969
41:13,8;651,768;-107,0999985;2258011;621;6;Serving beam;n260;37000;621_6;621006;72;-107,0999985
41:14,3;409,92;-105,5999985;2258011;621;6;Serving beam;n260;37000;621_6;621006;72;-105,5999985
41:14,8;278,952;-107;2258011;621;6;Serving beam;n260;37000;621_6;621006;72;-107
41:15,3;155,592;-108,4000015;2259739;622;6;Detected beam;n260;37000;622_6;622006;73;-108,4000015
41:15,8;104,256;-108,3000031;2259739;622;6;Detected beam;n260;37000;622_6;622006;73;-108,3000031
41:16,3;90,264;-108,5;2259739;622;6;Detected beam;n260;37000;622_6;622006;73;-108,5
41:16,8;85,608;-111,9000015;2258011;621;6;Serving beam;n260;37000;621_6;621006;73;-111,9000015
41:17,3;92,496;-111,8000031;2258011;621;6;Serving beam;n260;37000;621_6;621006;73;-111,8000031
41:17,8;129,96;-111,3000031;2258011;621;6;Serving beam;n260;37000;621_6;621006;73;-111,3000031
41:18,3;136,176;-110,0999985;2258011;621;6;Serving beam;n260;37000;621_6;621006;73;-110,0999985
41:18,8;125,016;-111,1999969;2258011;621;6;Serving beam;n260;37000;621_6;621006;73;-111,1999969
41:19,3;137,424;-109,6999969;2258011;621;6;Serving beam;n260;37000;621_6;621006;73;-109,6999969
41:19,8;173,328;-111,1999969;2258011;621;6;Serving beam;n260;37000;621_6;621006;73;-111,1999969
41:20,3;201,408;-108,9000015;2258011;621;6;Serving beam;n260;37000;621_6;621006;73;-108,9000015
41:20,8;291,744;-107,5;2258011;621;6;Serving beam;n260;37000;621_6;621006;73;-107,5
41:21,3;352,704;-106,6999969;2258011;621;6;Serving beam;n260;37000;621_6;621006;73;-106,6999969
41:21,8;311,64;-107;2258011;621;6;Serving beam;n260;37000;621_6;621006;73;-107
41:22,3;217,632;-109,0999985;2258011;621;6;Serving beam;n260;37000;621_6;621006;73;-109,0999985
41:22,8;272,424;-109,3000031;2258011;621;6;Serving beam;n260;37000;621_6;621006;73;-109,3000031
41:23,3;144,456;-108,5999985;2258011;621;6;Serving beam;n260;37000;621_6;621006;73;-108,5999985
41:23,8;451,512;-107,9000015;2258011;621;6;Serving beam;n260;37000;621_6;621006;73;-107,9000015
41:24,3;869,52;-104;2258011;621;6;Serving beam;n260;37000;621_6;621006;73;-104
41:24,8;1473,528;-99,30000305;2258011;621;6;Serving beam;n260;37000;621_6;621006;73;-99,30000305
41:25,3;1830,048;-95;2258011;621;6;Serving beam;n260;37000;621_6;621006;73;-95
41:25,8;1993,08;-91,80000305;2258011;621;6;Serving beam;n260;37000;621_6;621006;73;-91,80000305
41:26,3;2038,608;-89,69999695;2258011;621;6;Serving beam;n260;37000;621_6;621006;73;-89,69999695
41:26,8;1824,554;-88,80000305;2258011;621;6;Serving beam;n260;37000;621_6;621006;73;-88,80000305
41:27,3;1870,248;-89,30000305;2258011;621;6;Serving beam;n260;37000;621_6;621006;73;-89,30000305
41:27,8;1918,512;-90,40000153;2258011;621;6;Serving beam;n260;37000;621_6;621006;73;-90,40000153
41:28,3;1668,797;-91;2258011;621;6;Serving beam;n260;37000;621_6;621006;73;-91
41:28,8;1458,337;-91,5;2258011;621;6;Serving beam;n260;37000;621_6;621006;73;-91,5
41:29,3;1310,376;-92,69999695;2258011;621;6;Serving beam;n260;37000;621_6;621006;73;-92,69999695
41:29,8;1358,905;-94,09999847;2258011;621;6;Serving beam;n260;37000;621_6;621006;73;-94,09999847
41:30,3;1487,352;-94,59999847;2258011;621;6;Serving beam;n260;37000;621_6;621006;73;-94,59999847
41:30,8;1289,352;-95,40000153;2258011;621;6;Serving beam;n260;37000;621_6;621006;73;-95,40000153
41:31,3;1429,704;-95,5;2258011;621;6;Serving beam;n260;37000;621_6;621006;72;-95,5
41:31,8;1516,656;-94,30000305;2258011;621;6;Serving beam;n260;37000;621_6;621006;72;-94,30000305
41:32,3;1804,68;-93,90000153;2258011;621;6;Serving beam;n260;37000;621_6;621006;72;-93,90000153
41:32,8;1266,144;-93,69999695;2258011;621;6;Serving beam;n260;37000;621_6;621006;72;-93,69999695
41:33,3;2010,72;-93,09999847;2258011;621;6;Serving beam;n260;37000;621_6;621006;72;-93,09999847
41:33,8;1305,672;-91,59999847;2258011;621;6;Serving beam;n260;37000;621_6;621006;72;-91,59999847
41:34,3;581,952;-94,30000305;2258011;621;6;Serving beam;n260;37000;621_6;621006;72;-94,30000305
41:34,8;475,104;-97,19999695;2263195;624;6;Detected beam;n260;37000;624_6;624006;72;-97,19999695
41:35,3;158,976;-97,09999847;2263195;624;6;Detected beam;n260;37000;624_6;624006;73;-97,09999847
41:35,8;129,216;-97,09999847;2263195;624;6;Detected beam;n260;37000;624_6;624006;73;-97,09999847
41:36,3;111,432;-97,90000153;2263195;624;6;Detected beam;n260;37000;624_6;624006;73;-97,90000153
41:36,8;151,152;-102;2263195;624;6;Detected beam;n260;37000;624_6;624006;73;-102
41:37,3;155,04;-108;2261467;623;6;Detected beam;n260;37000;623_6;623006;73;-108
41:37,8;120,744;-111,8000031;2261467;623;6;Detected beam;n260;37000;623_6;623006;73;-111,8000031
41:38,3;62,04;-112,9000015;2258011;621;6;Serving beam;n260;37000;621_6;621006;73;-112,9000015
41:38,8;16,464;-114,5999985;2258011;621;6;Serving beam;n260;37000;621_6;621006;73;-114,5999985
41:39,1;;-114,5999985;2258011;621;6;Serving beam;n260;37000;621_6;621006;73;-114,5999985
41:39,8;0;-114,8000031;2258011;621;6;Serving beam;n260;37000;621_6;621006;73;-114,8000031
41:40,8;0;-121,4000015;2258011;621;6;Serving beam;n260;37000;621_6;621006;73;-121,4000015
41:41,3;;-119,6999969;2258011;621;6;Serving beam;n260;37000;621_6;621006;73;-119,6999969
41:41,8;0;-118;2258011;621;6;Serving beam;n260;37000;621_6;621006;73;-118
41:42,8;0;-110,0999985;2258011;621;6;Serving beam;n260;37000;621_6;621006;72;-110,0999985
41:43,8;0;-101,9000015;2258011;621;6;Serving beam;n260;37000;621_6;621006;72;-101,9000015
41:44,8;0;-106,8000031;2258011;621;6;Serving beam;n260;37000;621_6;621006;72;-106,8000031
41:45,3;48,624;-108,5;2258011;621;6;Serving beam;n260;37000;621_6;621006;72;-108,5
41:45,8;119,016;-109,5999985;2258011;621;6;Serving beam;n260;37000;621_6;621006;72;-109,5999985
41:46,3;113,664;-111,9000015;2258011;621;6;Serving beam;n260;37000;621_6;621006;72;-111,9000015
41:46,8;140,664;-113,4000015;2258011;621;6;Serving beam;n260;37000;621_6;621006;73;-113,4000015
41:47,3;202,944;-113;2258011;621;5;Serving beam;n260;37000;621_5;621005;73;-113
41:47,8;241,676;-111,9000015;2258011;621;5;Detected beam;n260;37000;621_5;621005;73;-111,9000015
41:48,3;357,899;-110,3000031;2258011;621;5;Serving beam;n260;37000;621_5;621005;73;-110,3000031
41:48,8;424,305;-109;2258011;621;5;Serving beam;n260;37000;621_5;621005;73;-109
41:49,3;238,86;-107,9000015;2258011;621;5;Serving beam;n260;37000;621_5;621005;73;-107,9000015
41:49,8;80,24;-108,4000015;2258011;621;5;Serving beam;n260;37000;621_5;621005;72;-108,4000015
41:50,3;5,628;-108,6999969;2258011;621;5;Serving beam;n260;37000;621_5;621005;72;-108,6999969
41:50,3;;-108,6999969;2258011;621;5;Serving beam;n260;37000;621_5;621005;72;-108,6999969
41:51,3;0;-108,4000015;2258011;621;5;Serving beam;n260;37000;621_5;621005;72;-108,4000015
41:52,3;0;-101;2258011;621;5;Serving beam;n260;37000;621_5;621005;72;-101
41:53,3;32,716;-91,19999695;2258011;621;5;Serving beam;n260;37000;621_5;621005;72;-91,19999695
41:53,8;814,74;-89,90000153;2258011;621;5;Serving beam;n260;37000;621_5;621005;72;-89,90000153
41:54,3;1430,65;-86,19999695;2258011;621;5;Serving beam;n260;37000;621_5;621005;72;-86,19999695
41:54,8;1182,737;-86,59999847;2258011;621;5;Serving beam;n260;37000;621_5;621005;72;-86,59999847
41:55,3;559,721;-90,30000305;2258011;621;5;Serving beam;n260;37000;621_5;621005;72;-90,30000305
41:55,8;581,42;-94,30000305;2261467;623;5;Detected beam;n260;37000;623_5;623005;72;-94,30000305
41:56,3;464,856;-94,30000305;2261467;623;5;Detected beam;n260;37000;623_5;623005;72;-94,30000305
41:56,8;426,116;-96,90000153;2263195;624;5;Detected beam;n260;37000;624_5;624005;72;-96,90000153
41:57,3;436,765;-97,40000153;2263195;624;5;Detected beam;n260;37000;624_5;624005;72;-97,40000153
41:57,8;336,568;-98,19999695;2263195;624;5;Detected beam;n260;37000;624_5;624005;72;-98,19999695
41:58,3;579,206;-102,1999969;2263195;624;5;Detected beam;n260;37000;624_5;624005;72;-102,1999969
41:58,8;532,435;-102,5;2258011;621;5;Detected beam;n260;37000;621_5;621005;72;-102,5
41:59,3;688,445;-100,9000015;2258011;621;5;Serving beam;n260;37000;621_5;621005;72;-100,9000015
41:59,8;420,99;-99,80000305;2258011;621;5;Serving beam;n260;37000;621_5;621005;72;-99,80000305
42:00,3;432,958;-102,6999969;2258011;621;5;Detected beam;n260;37000;621_5;621005;72;-102,6999969
42:00,8;439,469;-102,1999969;2258011;621;5;Detected beam;n260;37000;621_5;621005;72;-102,1999969
42:01,3;648,79;-101,6999969;2258011;621;5;Detected beam;n260;37000;621_5;621005;72;-101,6999969
42:01,8;678,902;-102,5;2258011;621;15;Serving beam;n260;37000;621_15;621015;72;-102,5
42:02,3;642,255;-101,5;2258011;621;5;Serving beam;n260;37000;621_5;621005;72;-101,5
42:02,8;640,22;-100,5999985;2258011;621;5;Detected beam;n260;37000;621_5;621005;73;-100,5999985
42:03,3;597,415;-100,8000031;2258011;621;5;Serving beam;n260;37000;621_5;621005;73;-100,8000031
42:03,8;650,786;-99,40000153;2258011;621;5;Serving beam;n260;37000;621_5;621005;72;-99,40000153
42:04,3;864,498;-99,09999847;2258011;621;5;Detected beam;n260;37000;621_5;621005;72;-99,09999847
42:04,8;638,425;-95,90000153;2258011;621;15;Serving beam;n260;37000;621_15;621015;72;-95,90000153
42:05,3;720,533;-97,5;2258011;621;15;Detected beam;n260;37000;621_15;621015;72;-97,5
42:05,8;633,366;-98,59999847;2258011;621;15;Serving beam;n260;37000;621_15;621015;72;-98,59999847
42:06,3;624,144;-100;2258011;621;15;Serving beam;n260;37000;621_15;621015;72;-100
42:06,8;883,16;-101,5;2258011;621;5;Serving beam;n260;37000;621_5;621005;72;-101,5
42:07,3;852,453;-99,40000153;2258011;621;5;Serving beam;n260;37000;621_5;621005;72;-99,40000153
42:07,8;866,792;-97,40000153;2258011;621;5;Serving beam;n260;37000;621_5;621005;72;-97,40000153
42:08,3;1826,714;-96,5;2258011;621;5;Serving beam;n260;37000;621_5;621005;72;-96,5
42:08,8;1780,345;-91,5;2258011;621;5;Serving beam;n260;37000;621_5;621005;71;-91,5
42:09,3;2092,889;-85,40000153;2258011;621;5;Serving beam;n260;37000;621_5;621005;71;-85,40000153
42:09,8;2029,19;-83,40000153;2258011;621;5;Serving beam;n260;37000;621_5;621005;71;-83,40000153
42:10,3;1689,451;-83,80000305;2258011;621;5;Serving beam;n260;37000;621_5;621005;71;-83,80000305
42:10,8;1401,829;-86,80000305;2258011;621;5;Serving beam;n260;37000;621_5;621005;71;-86,80000305
42:11,3;1565,682;-89,40000153;2258011;621;5;Serving beam;n260;37000;621_5;621005;71;-89,40000153
42:11,8;1554,276;-89,09999847;2258011;621;5;Serving beam;n260;37000;621_5;621005;71;-89,09999847
42:12,3;956,047;-89,69999695;2258011;621;5;Serving beam;n260;37000;621_5;621005;71;-89,69999695
42:12,8;711,638;-93,69999695;2258011;621;5;Serving beam;n260;37000;621_5;621005;71;-93,69999695
42:13,3;1223,098;-96;2259739;622;5;Detected beam;n260;37000;622_5;622005;71;-96
42:13,8;639,772;-96,09999847;2259739;622;5;Detected beam;n260;37000;622_5;622005;71;-96,09999847
42:14,3;1032,599;-96,09999847;2259739;622;5;Detected beam;n260;37000;622_5;622005;71;-96,09999847
42:14,8;762,351;-96,5;2258011;621;5;Serving beam;n260;37000;621_5;621005;71;-96,5
42:15,3;417,523;-99;2258011;621;5;Detected beam;n260;37000;621_5;621005;71;-99
42:15,8;398,624;-101,5999985;2263195;624;5;Detected beam;n260;37000;624_5;624005;71;-101,5999985
42:16,3;440,928;-101,9000015;2259739;622;7;Detected beam;n260;37000;622_7;622007;71;-101,9000015
42:16,8;703,487;-102,5999985;2263195;624;5;Detected beam;n260;37000;624_5;624005;71;-102,5999985
42:17,3;501,677;-102,4000015;2258011;621;15;Serving beam;n260;37000;621_15;621015;71;-102,4000015
42:17,8;606,139;-101,6999969;2258011;621;7;Serving beam;n260;37000;621_7;621007;71;-101,6999969
42:18,3;1060,877;-100,0999985;2258011;621;7;Serving beam;n260;37000;621_7;621007;71;-100,0999985
42:18,8;1856,547;-96,69999695;2258011;621;7;Serving beam;n260;37000;621_7;621007;71;-96,69999695
42:19,3;1769,149;-93,09999847;2258011;621;7;Serving beam;n260;37000;621_7;621007;71;-93,09999847
42:19,8;791,129;-91,90000153;2258011;621;7;Serving beam;n260;37000;621_7;621007;71;-91,90000153
42:20,3;903,572;-92,19999695;2258011;621;7;Serving beam;n260;37000;621_7;621007;71;-92,19999695
42:20,8;1000,058;-92,09999847;2263195;624;7;Detected beam;n260;37000;624_7;624007;71;-92,09999847
42:21,3;855,691;-92;2263195;624;7;Detected beam;n260;37000;624_7;624007;71;-92
42:21,8;908,869;-92,30000305;2263195;624;7;Detected beam;n260;37000;624_7;624007;71;-92,30000305
42:22,3;1114,926;-92,69999695;2259739;622;7;Detected beam;n260;37000;622_7;622007;71;-92,69999695
42:22,8;848,438;-92,69999695;2259739;622;7;Detected beam;n260;37000;622_7;622007;71;-92,69999695
42:23,3;919,858;-95,30000305;2258011;621;20;Serving beam;n260;37000;621_20;621020;71;-95,30000305
42:23,8;715,899;-95,30000305;2258011;621;20;Serving beam;n260;37000;621_20;621020;71;-95,30000305
42:24,3;866,678;-94,40000153;2258011;621;20;Serving beam;n260;37000;621_20;621020;71;-94,40000153
42:24,8;1347,307;-92,59999847;2258011;621;20;Serving beam;n260;37000;621_20;621020;71;-92,59999847
42:25,3;2032,482;-87,09999847;2258011;621;20;Serving beam;n260;37000;621_20;621020;71;-87,09999847
42:25,8;2013,466;-82,09999847;2258011;621;20;Serving beam;n260;37000;621_20;621020;71;-82,09999847
42:26,3;1865,239;-80,09999847;2258011;621;20;Detected beam;n260;37000;621_20;621020;71;-80,09999847
42:26,8;1914,188;-78,90000153;2258011;621;21;Serving beam;n260;37000;621_21;621021;71;-78,90000153
42:27,3;2095,82;-78,5;2258011;621;21;Serving beam;n260;37000;621_21;621021;71;-78,5
42:27,8;2085,959;-76,30000305;2258011;621;21;Serving beam;n260;37000;621_21;621021;71;-76,30000305
42:28,3;2096,267;-75;2258011;621;21;Serving beam;n260;37000;621_21;621021;71;-75
42:28,8;2020,199;-73,80000305;2258011;621;21;Serving beam;n260;37000;621_21;621021;71;-73,80000305
42:29,3;1775,505;-76,40000153;2258011;621;21;Serving beam;n260;37000;621_21;621021;71;-76,40000153
42:29,8;1055,033;-80,40000153;2259739;622;21;Detected beam;n260;37000;622_21;622021;71;-80,40000153
42:30,3;1101,537;-79,40000153;2259739;622;21;Detected beam;n260;37000;622_21;622021;71;-79,40000153
42:30,8;1065,533;-79,30000305;2259739;622;21;Detected beam;n260;37000;622_21;622021;71;-79,30000305
42:31,3;594,515;-78,90000153;2259739;622;21;Detected beam;n260;37000;622_21;622021;71;-78,90000153
42:31,8;588,475;-78,90000153;2259739;622;21;Detected beam;n260;37000;622_21;622021;71;-78,90000153
42:32,3;1414,749;-78,90000153;2259739;622;21;Detected beam;n260;37000;622_21;622021;71;-78,90000153
42:32,8;1574,423;-88,19999695;2258011;621;22;Detected beam;n260;37000;621_22;621022;71;-88,19999695
42:33,3;1728,869;-85,09999847;2258011;621;12;Serving beam;n260;37000;621_12;621012;71;-85,09999847
42:33,8;1605,121;-83,69999695;2258011;621;22;Serving beam;n260;37000;621_22;621022;71;-83,69999695
42:34,3;1648,502;-83,59999847;2258011;621;22;Serving beam;n260;37000;621_22;621022;70;-83,59999847
42:34,8;1804,375;-82;2258011;621;22;Serving beam;n260;37000;621_22;621022;70;-82
42:35,3;1881,81;-80,09999847;2258011;621;22;Serving beam;n260;37000;621_22;621022;71;-80,09999847
42:35,8;1871,855;-79,5;2258011;621;22;Serving beam;n260;37000;621_22;621022;71;-79,5
42:36,3;1706,618;-79,19999695;2258011;621;22;Serving beam;n260;37000;621_22;621022;71;-79,19999695
42:36,8;1793,305;-78,59999847;2258011;621;22;Serving beam;n260;37000;621_22;621022;71;-78,59999847
42:37,3;2097,01;-77,59999847;2258011;621;22;Serving beam;n260;37000;621_22;621022;71;-77,59999847
42:37,8;2006,165;-77,69999695;2258011;621;22;Serving beam;n260;37000;621_22;621022;71;-77,69999695
42:38,3;1915,12;-77,40000153;2258011;621;22;Serving beam;n260;37000;621_22;621022;71;-77,40000153
42:38,8;1898,176;-76,80000305;2258011;621;22;Serving beam;n260;37000;621_22;621022;71;-76,80000305
42:39,3;1598,154;-76,19999695;2258011;621;22;Serving beam;n260;37000;621_22;621022;71;-76,19999695
42:39,8;1418,555;-75,5;2258011;621;22;Serving beam;n260;37000;621_22;621022;71;-75,5
42:40,3;1879,005;-77,69999695;2258011;621;22;Serving beam;n260;37000;621_22;621022;70;-77,69999695
42:40,8;2007,49;-78,5;2258011;621;22;Serving beam;n260;37000;621_22;621022;70;-78,5
42:41,3;2004,41;-78,69999695;2258011;621;22;Serving beam;n260;37000;621_22;621022;70;-78,69999695
42:41,8;1713,017;-79,30000305;2258011;621;22;Serving beam;n260;37000;621_22;621022;70;-79,30000305
42:42,3;1850,663;-79,59999847;2258011;621;22;Serving beam;n260;37000;621_22;621022;70;-79,59999847
42:42,8;1825,133;-80,09999847;2258011;621;22;Serving beam;n260;37000;621_22;621022;70;-80,09999847
42:43,3;1914,922;-78,5;2258011;621;22;Serving beam;n260;37000;621_22;621022;71;-78,5
42:43,8;1713,935;-78,59999847;2258011;621;22;Serving beam;n260;37000;621_22;621022;71;-78,59999847
42:44,3;1658,725;-79,80000305;2258011;621;22;Serving beam;n260;37000;621_22;621022;71;-79,80000305
